Model type,Regularization,Iteration,Accuracy,L0 Precision,L1 Precision,L0 Recall,L1 Recall,L0 F1,L1 F1,
Validation Data,0.1,37,0.8,0.8571428571428571,0.6666666666666666,0.8571428571428571,0.6666666666666666,0.8571428571428571,0.6666666666666666,
