leaning rate,max training epochs,batch_size,h1,h2-RELU,h3-RELU,h4,Percentage for Test set
cost/10,1000,10,100,100,100,100,20.833333333333332
Test Set starts at:,True Positive,True Negative,False Positive,False Negative,Sensitivity-PosAcc,Specificity-NegAcc,Total Accuracy
transfer 1,106.0,46.0,22.0,46.0,0.6973684210526315,0.6764705882352942,0.6909090909090909
transfer 2,116.0,40.0,32.0,32.0,0.7837837837837838,0.5555555555555556,0.7090909090909091
transfer 3,120.0,44.0,28.0,28.0,0.8108108108108109,0.6111111111111112,0.7454545454545455
